date,code,open,high,low,close,preclose,volume,amount,adjustflag,turn,tradestatus,pctChg,isST
2022-11-25,sh.688480,27.0000,28.8300,25.1000,25.5300,19.1800,15646656,417971149.7400,3,81.087500,1,33.107400,0
2022-11-28,sh.688480,25.9000,26.3000,22.9800,23.0000,25.5300,9492611,226508738.0100,3,49.194700,1,-9.909900,0
2022-11-29,sh.688480,23.1100,24.2600,22.8000,23.5500,23.0000,7630383,181074988.0400,3,39.543800,1,2.391300,0
2022-11-30,sh.688480,23.5600,24.6800,23.4000,23.7500,23.5500,7003039,168820496.5700,3,36.292700,1,0.849300,0
2022-12-01,sh.688480,24.6000,28.8300,24.6000,27.7100,23.7500,10660372,285456956.7700,3,55.246500,1,16.673700,0
2022-12-02,sh.688480,27.4000,29.6800,26.6800,27.4700,27.7100,7752719,217950709.2100,3,40.177800,1,-0.866100,0
2022-12-05,sh.688480,28.0000,28.5000,26.7300,27.9700,27.4700,5912188,163004371.8000,3,30.639400,1,1.820200,0
2022-12-06,sh.688480,28.5500,30.4800,27.9800,29.2200,27.9700,6199798,181853456.5600,3,32.129900,1,4.469100,0
2022-12-07,sh.688480,28.5800,28.9500,27.2500,28.0000,29.2200,4350415,121424544.3500,3,22.545700,1,-4.175200,0
2022-12-08,sh.688480,28.1500,28.9900,26.9200,27.3000,28.0000,3092701,86239703.5600,3,16.027700,1,-2.500000,0
2022-12-09,sh.688480,27.5900,28.3000,26.7600,27.1300,27.3000,2897445,79103264.8400,3,15.015800,1,-0.622700,0
2022-12-12,sh.688480,26.8000,27.8000,26.5600,27.0700,27.1300,2191937,59210188.4100,3,11.359500,1,-0.221200,0
2022-12-13,sh.688480,27.0000,27.1200,25.8600,26.2200,27.0700,2660348,70034785.8000,3,13.787000,1,-3.140000,0
2022-12-14,sh.688480,26.0200,26.5700,25.8200,26.1700,26.2200,1299980,33981467.0100,3,6.737000,1,-0.190700,0
2022-12-15,sh.688480,26.1700,26.5600,25.9300,26.3700,26.1700,993360,26048562.7600,3,5.148000,1,0.764200,0
2022-12-16,sh.688480,26.1100,26.2800,24.8800,24.9100,26.3700,2483748,63042253.3400,3,12.871800,1,-5.536600,0
2022-12-19,sh.688480,24.9400,25.2200,24.5100,24.8700,24.9100,1133572,28152237.4800,3,5.874600,1,-0.160600,0
2022-12-20,sh.688480,24.6100,24.9500,23.8800,24.2400,24.8700,1319279,32226726.8500,3,6.837100,1,-2.533200,0
2022-12-21,sh.688480,24.2900,25.3500,23.9800,24.4800,24.2400,1518014,37478584.1800,3,7.867000,1,0.990100,0
2022-12-22,sh.688480,24.7700,24.7700,23.0700,23.1900,24.4800,1131540,26720571.1600,3,5.864100,1,-5.269600,0
2022-12-23,sh.688480,23.2600,23.2600,22.5000,22.6800,23.1900,604177,13806842.9000,3,3.131100,1,-2.199200,0
2022-12-26,sh.688480,22.8700,24.0000,22.6800,23.7900,22.6800,872316,20589127.4700,3,4.520700,1,4.894200,0
2022-12-27,sh.688480,24.0800,24.0800,23.4900,23.6500,23.7900,592946,14046691.1500,3,3.072900,1,-0.588500,0
2022-12-28,sh.688480,23.5000,23.6100,22.2100,22.3500,23.6500,1243111,28172925.2500,3,6.442300,1,-5.496800,0
2022-12-29,sh.688480,22.3500,22.7000,22.1000,22.2100,22.3500,557127,12446165.1400,3,2.887300,1,-0.626400,0
2022-12-30,sh.688480,22.2000,22.4000,21.9000,22.1200,22.2100,606050,13391182.0400,3,3.140800,1,-0.405200,0
2023-01-03,sh.688480,22.1200,23.9000,21.9900,23.6100,22.1200,1520067,34922286.0100,3,7.877600,1,6.736000,0
2023-01-04,sh.688480,23.8000,23.8500,22.9200,23.7000,23.6100,1113959,26183015.6900,3,5.773000,1,0.381200,0
2023-01-05,sh.688480,23.7000,23.9600,23.1000,23.8000,23.7000,1230984,28980087.7200,3,6.379500,1,0.421900,0
2023-01-06,sh.688480,23.5500,24.7700,23.5500,24.2000,23.8000,1120698,27022878.6300,3,5.807900,1,1.680700,0
2023-01-09,sh.688480,24.2000,24.2000,23.4200,23.5700,24.2000,947165,22436587.7400,3,4.908600,1,-2.603300,0
2023-01-10,sh.688480,23.7500,23.7500,23.0100,23.1200,23.5700,797885,18563675.4700,3,4.135000,1,-1.909200,0
2023-01-11,sh.688480,23.2300,23.2300,22.6100,22.6800,23.1200,806339,18358289.7900,3,4.178800,1,-1.903100,0
2023-01-12,sh.688480,22.6400,22.8000,22.4400,22.5700,22.6800,619350,13977933.4100,3,3.209700,1,-0.485000,0
2023-01-13,sh.688480,22.6500,22.6500,22.3300,22.4100,22.5700,552976,12423864.7200,3,2.865800,1,-0.708900,0
2023-01-16,sh.688480,22.4000,23.1000,22.3900,22.6600,22.4100,711574,16143299.1900,3,3.687700,1,1.115600,0
2023-01-17,sh.688480,22.8500,22.9000,22.5000,22.5800,22.6600,473524,10741950.5700,3,2.454000,1,-0.353000,0
2023-01-18,sh.688480,22.7000,22.9100,22.5200,22.7900,22.5800,428216,9739549.9700,3,2.219200,1,0.930000,0
2023-01-19,sh.688480,22.9600,25.3300,22.8000,23.8500,22.7900,2657242,64439166.2100,3,13.770900,1,4.651200,0
2023-01-20,sh.688480,24.6300,25.8400,23.9000,25.6700,23.8500,2167143,54506933.2300,3,11.231000,1,7.631000,0
2023-01-30,sh.688480,25.5700,26.2800,25.5000,25.6000,25.6700,1527257,39595891.8700,3,7.914900,1,-0.272700,0
2023-01-31,sh.688480,25.5000,25.7400,24.8900,25.0700,25.6000,1141773,28809295.1500,3,5.917100,1,-2.070300,0
2023-02-01,sh.688480,24.8200,26.3700,24.8200,26.1000,25.0700,1357172,35263591.0200,3,7.033400,1,4.108500,0
2023-02-02,sh.688480,26.3000,27.1000,25.9000,26.1200,26.1000,1428261,37782127.4100,3,7.401800,1,0.076600,0
2023-02-03,sh.688480,26.0000,26.9800,25.8900,26.3000,26.1200,1024119,26937834.3800,3,5.307400,1,0.689100,0
2023-02-06,sh.688480,26.0800,26.9000,26.0800,26.8100,26.3000,912568,24261059.4900,3,4.729300,1,1.939200,0
2023-02-07,sh.688480,26.8100,26.9800,25.9500,26.3600,26.8100,922562,24217766.3800,3,4.781100,1,-1.678500,0
2023-02-08,sh.688480,26.4000,27.0900,26.0000,26.5100,26.3600,730704,19510471.3200,3,3.786800,1,0.569000,0
2023-02-09,sh.688480,26.4000,26.8600,26.0600,26.6900,26.5100,841629,22275747.1300,3,4.361700,1,0.679000,0
2023-02-10,sh.688480,26.6400,27.5500,26.5000,27.3300,26.6900,1154779,31281355.3900,3,5.984500,1,2.397900,0
2023-02-13,sh.688480,27.3300,27.5500,26.7000,27.4500,27.3300,911832,24709978.1200,3,4.725500,1,0.439100,0
2023-02-14,sh.688480,27.5000,28.3000,27.2900,27.6500,27.4500,899428,24999728.7600,3,4.661200,1,0.728600,0
2023-02-15,sh.688480,27.4600,28.8800,27.4600,28.3800,27.6500,1143288,32373587.0300,3,5.925000,1,2.640100,0
2023-02-16,sh.688480,28.3200,29.2100,27.6200,28.0600,28.3800,1375714,38936216.2800,3,7.129500,1,-1.127600,0
2023-02-17,sh.688480,27.9100,28.2400,26.1000,26.1000,28.0600,1896942,51099884.1000,3,9.830700,1,-6.985000,0
2023-02-20,sh.688480,26.1700,26.5000,25.8700,26.3600,26.1000,1168745,30584393.6300,3,6.056900,1,0.996200,0
2023-02-21,sh.688480,26.3600,26.8200,25.6500,25.9600,26.3600,1000780,26146582.4200,3,5.186500,1,-1.517500,0
2023-02-22,sh.688480,25.9000,27.9500,25.7100,27.4300,25.9600,1526466,41634887.6500,3,7.910800,1,5.662600,0
2023-02-23,sh.688480,27.4300,29.5000,27.3700,28.9000,27.4300,2214899,63251077.0600,3,11.478500,1,5.359100,0
2023-02-24,sh.688480,29.1100,29.9400,28.6000,28.7900,28.9000,1271993,36942633.9400,3,6.592000,1,-0.380600,0
2023-02-27,sh.688480,29.5000,31.0900,28.5100,30.4000,28.7900,3603712,108040076.2600,3,18.675900,1,5.592200,0
2023-02-28,sh.688480,30.1700,30.5800,29.4000,29.6600,30.4000,1267965,37946774.7100,3,6.571100,1,-2.434200,0
2023-03-01,sh.688480,29.5600,30.5000,29.2500,29.9500,29.6600,1227246,36664039.4800,3,6.360100,1,0.977700,0
2023-03-02,sh.688480,30.5000,30.5000,28.9000,29.5900,29.9500,953496,27946818.8900,3,4.941400,1,-1.202000,0
2023-03-03,sh.688480,29.7400,29.7400,28.4000,28.4000,29.5900,1057896,30431798.5600,3,5.482500,1,-4.021600,0
2023-03-06,sh.688480,28.6700,29.2600,28.3200,28.7300,28.4000,894598,25665419.8000,3,4.636200,1,1.162000,0
2023-03-07,sh.688480,28.6200,29.2500,28.2200,28.4200,28.7300,656737,18847985.6100,3,3.403500,1,-1.079000,0
2023-03-08,sh.688480,28.8800,30.2900,28.3800,29.8800,28.4200,1153410,33797344.6100,3,5.977500,1,5.137200,0
2023-03-09,sh.688480,30.0000,35.7900,30.0000,35.5800,29.8800,3687919,122405211.1300,3,19.112300,1,19.076300,0
2023-03-10,sh.688480,34.9000,35.8800,32.3000,32.9200,35.5800,3123961,104387541.7100,3,16.189700,1,-7.476100,0
2023-03-13,sh.688480,32.5100,33.8000,32.0500,33.7200,32.9200,1726493,56942845.1900,3,8.947400,1,2.430100,0
2023-03-14,sh.688480,33.3800,34.3800,32.7000,33.8000,33.7200,1873906,63225562.3600,3,9.711400,1,0.237200,0
2023-03-15,sh.688480,33.9900,35.6000,33.5300,34.4000,33.8000,1698882,59140260.0000,3,8.804300,1,1.775100,0
2023-03-16,sh.688480,34.2500,34.9900,33.8700,34.6500,34.4000,1038963,35649501.3900,3,5.384300,1,0.726700,0
2023-03-17,sh.688480,34.6600,35.4900,34.2000,34.7700,34.6500,1165744,40565083.7100,3,6.041400,1,0.346300,0
2023-03-20,sh.688480,34.9300,34.9300,32.1000,32.5100,34.7700,2013868,66763983.3100,3,10.436700,1,-6.499900,0
2023-03-21,sh.688480,32.6700,34.2600,32.3100,33.8700,32.5100,1222460,40905882.1700,3,6.335300,1,4.183300,0
2023-03-22,sh.688480,34.2400,35.1300,33.5700,34.4100,33.8700,1173393,40350968.1900,3,6.081000,1,1.594300,0
2023-03-23,sh.688480,34.5400,34.5500,32.7000,33.0000,34.4100,946918,31554798.3100,3,4.907300,1,-4.097600,0
2023-03-24,sh.688480,32.9600,33.1600,32.2200,32.6200,33.0000,743451,24219346.0500,3,3.852900,1,-1.151500,0
2023-03-27,sh.688480,32.2200,34.0400,32.2200,32.6300,32.6200,1707451,56694642.8400,3,8.848700,1,0.030700,0
2023-03-28,sh.688480,32.3300,32.7600,31.2700,31.4100,32.6300,761335,24357848.1800,3,3.945600,1,-3.738900,0
2023-03-29,sh.688480,31.2800,32.0500,31.1500,31.4700,31.4100,700194,22116846.3300,3,3.628700,1,0.191000,0
2023-03-30,sh.688480,31.5800,31.7000,29.7300,30.1700,31.4700,1077949,32912069.6600,3,5.586400,1,-4.130900,0
2023-03-31,sh.688480,30.3500,31.1500,29.8000,30.4400,30.1700,669201,20340563.3900,3,3.468100,1,0.894900,0
2023-04-03,sh.688480,30.7800,31.0000,29.9800,30.5500,30.4400,501535,15355625.2200,3,2.599200,1,0.361400,0
2023-04-04,sh.688480,30.4300,30.4300,29.2000,29.5200,30.5500,772527,22828483.3700,3,4.003600,1,-3.371500,0
2023-04-06,sh.688480,29.0700,29.5500,28.5500,29.4600,29.5200,802158,23271694.1000,3,4.157100,1,-0.203300,0
2023-04-07,sh.688480,29.2500,29.6000,28.7900,29.4500,29.4600,402943,11787620.2700,3,2.088200,1,-0.033900,0
2023-04-10,sh.688480,29.5000,29.7500,28.0000,28.0500,29.4500,721001,20524499.4500,3,3.736500,1,-4.753800,0
2023-04-11,sh.688480,28.4800,28.7300,27.9800,28.3800,28.0500,521935,14785337.1100,3,2.704900,1,1.176500,0
2023-04-12,sh.688480,28.5200,30.7500,28.4500,30.1400,28.3800,2047509,61281754.5700,3,10.611000,1,6.201600,0
2023-04-13,sh.688480,29.9400,31.5100,29.6000,30.2900,30.1400,1726643,52746415.9600,3,8.948200,1,0.497700,0
2023-04-14,sh.688480,30.9600,31.0000,29.3800,30.5000,30.2900,927285,27935521.7400,3,4.805600,1,0.693300,0
2023-04-17,sh.688480,30.4700,31.0000,30.0100,30.6500,30.5000,402945,12321061.8400,3,2.088200,1,0.491800,0
2023-04-18,sh.688480,30.6500,30.6800,29.4500,29.9800,30.6500,488210,14639986.8800,3,2.530100,1,-2.186000,0
2023-04-19,sh.688480,30.2800,30.5500,29.3000,29.7700,29.9800,539493,16077100.9400,3,2.795900,1,-0.700500,0
2023-04-20,sh.688480,29.6900,29.9700,29.4000,29.8300,29.7700,375120,11144855.7600,3,1.944000,1,0.201500,0
2023-04-21,sh.688480,29.5600,29.9000,28.6000,29.5600,29.8300,547447,16037226.2700,3,2.837100,1,-0.905100,0
2023-04-24,sh.688480,28.9400,29.4300,27.7100,27.9300,29.5600,731288,20570150.4200,3,3.789800,1,-5.514200,0
2023-04-25,sh.688480,28.2500,28.8000,26.4400,27.0100,27.9300,533319,14645364.9700,3,2.749700,1,-3.293900,0
2023-04-26,sh.688480,27.4200,28.5000,26.9500,27.1200,27.0100,398412,10900471.6400,3,2.054200,1,0.407300,0
2023-04-27,sh.688480,27.3200,27.5800,26.9200,27.1200,27.1200,381339,10414652.6300,3,1.966100,1,0.000000,0
2023-04-28,sh.688480,27.7900,27.9200,26.2100,26.2300,27.1200,1006792,26654914.3700,3,5.190900,1,-3.281700,0
2023-05-04,sh.688480,26.2300,26.6100,25.7900,25.8600,26.2300,518651,13526266.0100,3,2.674100,1,-1.410600,0
2023-05-05,sh.688480,25.7300,26.5700,25.6500,26.4500,25.8600,1146609,29976939.7500,3,5.911800,1,2.281500,0
2023-05-08,sh.688480,26.5000,27.0000,25.6800,26.2600,26.4500,951303,24999416.0000,3,4.904800,1,-0.718300,0
2023-05-09,sh.688480,26.4100,26.4100,25.0000,25.2000,26.2600,855901,21707527.6700,3,4.412900,1,-4.036600,0
2023-05-10,sh.688480,25.2000,25.6300,25.0000,25.2500,25.2000,681924,17235151.8100,3,3.515900,1,0.198400,0
2023-05-11,sh.688480,25.1800,26.0900,25.0900,25.9600,25.2500,752915,19366161.0700,3,3.881900,1,2.811900,0
2023-05-12,sh.688480,25.7000,26.2900,25.6600,25.9200,25.9600,455116,11824305.3400,3,2.346500,1,-0.154100,0
2023-05-15,sh.688480,25.7500,26.3500,25.7500,26.2300,25.9200,320421,8361473.6900,3,1.652000,1,1.196000,0
2023-05-16,sh.688480,26.1500,26.3900,25.8100,26.1900,26.2300,433023,11283054.1000,3,2.232600,1,-0.152500,0
2023-05-17,sh.688480,25.8000,27.2700,25.8000,27.1100,26.1900,1030026,27614563.2600,3,5.310700,1,3.512800,0
2023-05-18,sh.688480,27.3100,28.6000,27.0200,28.1100,27.1100,1183206,32884358.4100,3,6.100400,1,3.688700,0
2023-05-19,sh.688480,27.9200,28.6000,27.7500,28.2900,28.1100,666645,18873080.9900,3,3.437100,1,0.640300,0
2023-05-22,sh.688480,28.5400,29.1000,27.9100,28.6700,28.2900,823533,23696025.3300,3,4.246000,1,1.343200,0
2023-05-23,sh.688480,28.7900,29.7500,28.5000,29.1000,28.6700,839819,24511117.8300,3,4.330000,1,1.499800,0
2023-05-24,sh.688480,29.3100,29.4300,28.7000,28.7700,29.1000,844551,24447532.9600,3,4.354400,1,-1.134000,0
2023-05-25,sh.688480,28.0600,29.3500,27.8500,28.7100,28.7700,1258520,36097098.7200,3,6.214900,1,-0.208600,0
2023-05-26,sh.688480,28.6800,28.8000,27.6900,27.7000,28.7100,1046470,29279656.2900,3,5.167700,1,-3.517900,0
2023-05-29,sh.688480,27.8000,28.5900,27.6100,28.1500,27.7000,1084194,30527951.2300,3,5.354000,1,1.624500,0
2023-05-30,sh.688480,28.1000,28.6600,27.8100,28.1200,28.1500,522273,14751309.4100,3,2.579100,1,-0.106600,0
2023-05-31,sh.688480,28.1200,28.7500,27.6200,28.5700,28.1200,677704,19190271.5400,3,3.346700,1,1.600300,0
2023-06-01,sh.688480,28.5700,29.2800,27.9200,27.9400,28.5700,919091,26035904.1400,3,4.538700,1,-2.205100,0
2023-06-02,sh.688480,28.3500,28.7600,27.8800,28.3000,27.9400,884244,24982642.5100,3,4.366600,1,1.288500,0
2023-06-05,sh.688480,28.6200,29.4800,28.3500,28.9100,28.3000,805949,23303016.7600,3,3.980000,1,2.155500,0
2023-06-06,sh.688480,28.4100,28.9800,28.1000,28.5000,28.9100,694807,19789845.8200,3,3.431100,1,-1.418200,0
2023-06-07,sh.688480,28.1000,31.3900,28.1000,30.7400,28.5000,1750467,52932966.2200,3,8.644300,1,7.859600,0
2023-06-08,sh.688480,30.4700,30.5200,29.5400,29.9400,30.2300,1124184,33705635.2200,3,5.551500,1,-0.959300,0
2023-06-09,sh.688480,30.1900,31.4900,30.0000,30.5100,29.9400,1164540,35721646.1900,3,5.750800,1,1.903800,0
2023-06-12,sh.688480,30.7300,31.1400,29.6200,30.6000,30.5100,1009154,30675873.4200,3,4.983500,1,0.295000,0
2023-06-13,sh.688480,30.4900,31.4100,30.1900,30.9900,30.6000,780484,24110862.6800,3,3.854200,1,1.274500,0
2023-06-14,sh.688480,30.9100,31.3500,30.4900,30.8400,30.9900,469827,14498040.1100,3,2.320100,1,-0.484000,0
2023-06-15,sh.688480,30.5800,31.0300,30.0000,30.5200,30.8400,617567,18802334.9500,3,3.049700,1,-1.037600,0
2023-06-16,sh.688480,30.0900,30.6600,29.6800,30.1300,30.5200,1021603,30613154.5400,3,5.044900,1,-1.277900,0
2023-06-19,sh.688480,29.8500,30.7600,29.4600,30.2000,30.1300,1153664,34511090.6100,3,5.697100,1,0.232300,0
2023-06-20,sh.688480,30.0000,30.1800,29.1000,29.6000,30.2000,813889,24062060.4700,3,4.019200,1,-1.986800,0
2023-06-21,sh.688480,29.1200,29.5100,27.9500,28.4000,29.6000,1600207,45722862.6400,3,7.902200,1,-4.054100,0
2023-06-26,sh.688480,28.6100,30.0000,28.4100,29.5400,28.4000,1415188,41582335.3500,3,6.988600,1,4.014100,0
2023-06-27,sh.688480,29.2900,31.9600,29.0200,31.6000,29.5400,1512687,46405724.6900,3,7.470000,1,6.973600,0
2023-06-28,sh.688480,31.6000,31.8000,30.6000,31.5900,31.6000,954642,29837231.8300,3,4.714300,1,-0.031600,0
2023-06-29,sh.688480,31.7800,32.0000,30.1300,30.8700,31.5900,1039812,32527301.0900,3,5.134900,1,-2.279200,0
2023-06-30,sh.688480,30.9800,31.2400,30.0300,30.9600,30.8700,639377,19600244.8100,3,3.157400,1,0.291500,0
2023-07-03,sh.688480,30.9300,32.0200,30.4000,31.4400,30.9600,1055665,32951787.2100,3,5.213100,1,1.550400,0
2023-07-04,sh.688480,31.4300,32.4000,31.1300,31.4500,31.4400,695763,22012660.7700,3,3.435900,1,0.031800,0
2023-07-05,sh.688480,31.4500,31.7800,30.5500,30.7100,31.4500,748321,23218182.2600,3,3.695400,1,-2.352900,0
2023-07-06,sh.688480,30.6000,31.6400,30.3300,30.6100,30.7100,620918,19317658.7800,3,3.066300,1,-0.325600,0
2023-07-07,sh.688480,30.6200,30.8700,30.3200,30.4200,30.6100,351577,10755436.7900,3,1.736200,1,-0.620700,0
2023-07-10,sh.688480,30.2000,31.9600,29.8000,30.9000,30.4200,937900,28423613.9500,3,4.631600,1,1.577900,0
2023-07-11,sh.688480,30.3900,31.3300,30.3900,30.8900,30.9000,469424,14540095.8500,3,2.318100,1,-0.032400,0
2023-07-12,sh.688480,30.6000,30.7900,29.4400,29.4600,30.8900,851598,25570276.4600,3,4.205400,1,-4.629300,0
2023-07-13,sh.688480,29.8100,30.0500,29.4300,29.7300,29.4600,510551,15193348.2700,3,2.521200,1,0.916500,0
2023-07-14,sh.688480,29.7700,30.1000,29.5100,30.0600,29.7300,282057,8435746.1400,3,1.392900,1,1.110000,0
2023-07-17,sh.688480,30.0000,30.1800,29.3900,30.0000,30.0600,362841,10800451.4300,3,1.791800,1,-0.199600,0
2023-07-18,sh.688480,30.0000,30.3700,29.4400,29.9300,30.0000,467483,13884870.0200,3,2.308600,1,-0.233300,0
2023-07-19,sh.688480,29.9300,31.2200,29.7100,30.4200,29.9300,700596,21387655.7200,3,3.459700,1,1.637200,0
2023-07-20,sh.688480,30.8800,30.8800,29.3400,29.5000,30.4200,728547,21699243.9500,3,3.597800,1,-3.024300,0
2023-07-21,sh.688480,29.4500,29.6900,29.0400,29.4900,29.5000,326621,9625619.9000,3,1.612900,1,-0.033900,0
2023-07-24,sh.688480,29.4300,29.4300,28.9300,29.0300,29.4900,322845,9402940.7900,3,1.594300,1,-1.559900,0
2023-07-25,sh.688480,29.1000,30.3300,29.1000,30.0700,29.0300,529905,15863011.1000,3,2.616800,1,3.582500,0
2023-07-26,sh.688480,30.0700,30.8300,29.7500,30.0800,30.0700,544356,16458366.2900,3,2.688200,1,0.033300,0
2023-07-27,sh.688480,29.9500,30.8200,29.8800,30.1400,30.0800,602119,18139101.7700,3,2.973400,1,0.199500,0
2023-07-28,sh.688480,30.6800,30.6800,29.2100,29.7000,30.1400,449668,13333040.9400,3,2.220600,1,-1.459900,0
2023-07-31,sh.688480,29.7900,29.8900,28.2100,28.7500,29.7000,895288,25689211.9900,3,4.421200,1,-3.198700,0
2023-08-01,sh.688480,28.9800,29.2700,27.6800,28.1100,28.7500,1165476,32662477.2600,3,5.755400,1,-2.226100,0
2023-08-02,sh.688480,28.0100,29.0000,27.8300,28.0400,28.1100,313486,8770670.2600,3,1.548100,1,-0.249000,0
2023-08-03,sh.688480,27.6300,27.8400,27.1300,27.2400,28.0400,673386,18444801.4300,3,3.325400,1,-2.853100,0
2023-08-04,sh.688480,27.3400,27.8200,27.1500,27.5000,27.2400,531479,14593123.9800,3,2.624600,1,0.954500,0
2023-08-07,sh.688480,27.5000,27.6100,26.5000,26.8000,27.5000,759142,20436442.6800,3,3.748800,1,-2.545500,0
2023-08-08,sh.688480,26.8500,27.2000,26.5700,26.8200,26.8000,317974,8535712.9400,3,1.570200,1,0.074600,0
2023-08-09,sh.688480,27.0700,27.0700,26.2900,26.8000,26.8200,376728,10007411.9200,3,1.860400,1,-0.074600,0
2023-08-10,sh.688480,27.0600,27.4600,26.3800,27.2900,26.8000,736747,19887781.1800,3,3.638200,1,1.828400,0
2023-08-11,sh.688480,27.2900,28.0100,27.0500,27.5600,27.2900,696204,19204850.4800,3,3.438000,1,0.989400,0
2023-08-14,sh.688480,27.5000,27.7400,26.5500,27.6400,27.5600,801231,21707383.7000,3,3.956700,1,0.290300,0
2023-08-15,sh.688480,27.6000,27.8000,26.9000,27.0700,27.6400,410606,11141007.8100,3,2.027700,1,-2.062200,0
2023-08-16,sh.688480,26.8400,27.4400,26.3600,26.3700,27.0700,445839,11905244.0400,3,2.201700,1,-2.585900,0
2023-08-17,sh.688480,26.3000,27.1000,25.8900,26.9000,26.3700,609615,16099679.5500,3,3.010400,1,2.009900,0
2023-08-18,sh.688480,27.2700,28.6000,26.7100,27.6100,26.9000,1261184,35198794.7900,3,6.228000,1,2.639400,0
2023-08-21,sh.688480,27.7100,29.4900,27.6100,28.9600,27.6100,1491953,42921343.4700,3,7.367600,1,4.889500,0
2023-08-22,sh.688480,28.7600,28.9900,28.1200,28.7000,28.9600,864750,24676961.8300,3,4.270400,1,-0.897800,0
2023-08-23,sh.688480,28.6000,28.7400,28.0600,28.1400,28.7000,471449,13363004.6900,3,2.328100,1,-1.951200,0
2023-08-24,sh.688480,28.0900,28.2100,27.0000,27.8700,28.1400,680492,18753410.3000,3,3.360400,1,-0.959500,0
2023-08-25,sh.688480,27.4300,28.9700,26.9300,27.8000,27.8700,1367730,38326342.5200,3,6.731000,1,-0.251200,0
2023-08-28,sh.688480,28.5000,29.2000,27.1700,27.9300,27.8000,1502752,42217819.3300,3,7.395400,1,0.467600,0
2023-08-29,sh.688480,28.0100,29.5300,27.4500,29.1600,27.9300,1234194,35468868.4500,3,6.073800,1,4.403900,0
2023-08-30,sh.688480,29.0100,30.7800,29.0100,30.3000,29.1600,1325481,39849870.7200,3,6.523000,1,3.909500,0
2023-08-31,sh.688480,30.7900,30.7900,29.9100,29.9600,30.3000,782778,23587619.5500,3,3.852300,1,-1.122100,0
2023-09-01,sh.688480,30.3600,30.3600,28.9600,29.1300,29.9600,866584,25515162.3800,3,4.264700,1,-2.770400,0
2023-09-04,sh.688480,29.1200,29.5900,29.0000,29.3000,29.1300,634059,18540240.2000,3,3.120400,1,0.583600,0
2023-09-05,sh.688480,29.0300,29.6000,28.4500,28.5700,29.3000,672197,19340422.2200,3,3.308100,1,-2.491500,0
2023-09-06,sh.688480,28.5600,29.3000,28.2600,29.1700,28.5700,865352,24802176.4400,3,4.258600,1,2.100100,0
2023-09-07,sh.688480,28.9100,29.0000,28.6000,28.7800,29.1700,408784,11776973.3600,3,2.011700,1,-1.337000,0
2023-09-08,sh.688480,28.8400,29.1400,28.3900,29.1400,28.7800,522568,15009882.2800,3,2.571700,1,1.250900,0
2023-09-11,sh.688480,29.0000,29.5700,28.8200,29.5500,29.1400,689145,20209608.6100,3,3.391500,1,1.407000,0
2023-09-12,sh.688480,29.4000,29.9900,29.0000,29.9600,29.5500,484397,14358921.0200,3,2.383800,1,1.387500,0
2023-09-13,sh.688480,29.7200,29.9300,29.1000,29.4500,29.9600,552129,16281896.1300,3,2.717200,1,-1.702300,0
2023-09-14,sh.688480,29.0000,29.5300,28.9700,29.1200,29.4500,303512,8880209.7300,3,1.493700,1,-1.120500,0
2023-09-15,sh.688480,29.7000,29.7500,28.7300,29.1200,29.1200,368773,10727618.8700,3,1.814800,1,0.000000,0
2023-09-18,sh.688480,28.7000,29.9000,28.6000,29.5500,29.1200,392399,11559939.2000,3,1.931100,1,1.476600,0
2023-09-19,sh.688480,29.6300,29.6300,28.8800,28.9400,29.5500,280319,8145336.5700,3,1.379500,1,-2.064300,0
2023-09-20,sh.688480,29.0500,29.0600,28.1100,28.3500,28.9400,439769,12524617.2900,3,2.164200,1,-2.038700,0
2023-09-21,sh.688480,29.5000,29.5000,28.0100,28.1600,28.3500,340575,9651153.1400,3,1.676100,1,-0.670200,0
2023-09-22,sh.688480,28.2000,29.6500,27.8000,29.4800,28.1600,649634,18880916.1400,3,3.197000,1,4.687500,0
2023-09-25,sh.688480,29.8800,30.0900,29.3200,29.7400,29.4800,317760,9442178.7800,3,1.563800,1,0.882000,0
2023-09-26,sh.688480,29.8800,29.9200,29.2000,29.5400,29.7400,341092,10109372.6600,3,1.678600,1,-0.672500,0
2023-09-27,sh.688480,29.6700,29.9900,29.3000,29.6500,29.5400,280491,8328994.7100,3,1.380400,1,0.372400,0
2023-09-28,sh.688480,29.9800,30.0300,29.5100,29.8900,29.6500,398742,11910379.8200,3,1.962300,1,0.809400,0
2023-10-09,sh.688480,30.1900,30.2200,29.7900,30.0900,29.8900,385581,11572793.9200,3,1.897500,1,0.669100,0
2023-10-10,sh.688480,30.2900,30.2900,29.3300,30.1000,30.0900,267108,8036585.8600,3,1.314500,1,0.033200,0
2023-10-11,sh.688480,30.3300,32.6100,30.1500,32.3900,30.1000,1342019,42561464.9100,3,6.604400,1,7.608000,0
2023-10-12,sh.688480,32.6600,33.0500,32.0000,32.5200,32.3900,740891,24010301.7400,3,3.646100,1,0.401400,0
2023-10-13,sh.688480,32.8000,33.6800,32.5200,33.1600,32.5200,933387,30992694.3700,3,4.593400,1,1.968000,0
2023-10-16,sh.688480,33.1800,33.1800,32.2800,32.6500,33.1600,831912,27137138.3900,3,4.094100,1,-1.538000,0
2023-10-17,sh.688480,32.6900,32.7000,32.0000,32.5900,32.6500,408914,13232461.7400,3,2.012400,1,-0.183800,0
2023-10-18,sh.688480,32.1900,32.5200,31.7100,31.9500,32.5900,413617,13218788.3600,3,2.035500,1,-1.963800,0
2023-10-19,sh.688480,31.9000,32.2200,31.2300,31.4000,31.9500,435423,13798174.4200,3,2.142800,1,-1.721400,0
2023-10-20,sh.688480,31.3600,31.6100,30.7500,30.9700,31.4000,458904,14284181.2500,3,2.258400,1,-1.369400,0
2023-10-23,sh.688480,30.9000,31.6900,30.7800,31.5000,30.9700,713995,22412417.3500,3,3.513800,1,1.711300,0
2023-10-24,sh.688480,31.7300,32.7100,30.8200,32.1500,31.5000,412487,13100590.7500,3,2.030000,1,2.063500,0
2023-10-25,sh.688480,32.4000,32.4000,31.7000,32.1600,32.1500,382194,12214986.2400,3,1.880900,1,0.031100,0
2023-10-26,sh.688480,32.2000,32.7500,31.6100,32.6400,32.1600,398893,12858645.3200,3,1.963100,1,1.492500,0
2023-10-27,sh.688480,31.3800,33.2200,31.3800,32.9200,32.6400,572163,18564207.0100,3,2.815800,1,0.857800,0
2023-10-30,sh.688480,32.8000,33.5800,32.5900,33.0300,32.9200,609832,20177300.0800,3,3.001100,1,0.334100,0
2023-10-31,sh.688480,34.3500,34.4000,32.6000,33.2100,33.0300,479259,15986016.2200,3,2.358600,1,0.545000,0
2023-11-01,sh.688480,32.6200,33.2100,32.6200,32.9000,33.2100,219711,7247556.0600,3,1.081300,1,-0.933500,0
2023-11-02,sh.688480,32.8300,33.5000,32.7100,32.8800,32.9000,246254,8108448.9200,3,1.211900,1,-0.060800,0
2023-11-03,sh.688480,32.9700,34.5900,32.9700,33.6800,32.8800,568479,19289666.8200,3,2.797600,1,2.433100,0
2023-11-06,sh.688480,33.6800,34.9700,33.6800,34.9500,33.6800,569985,19661580.9100,3,2.805000,1,3.770800,0
2023-11-07,sh.688480,35.0500,35.5000,34.3000,35.4000,34.9500,820798,28805628.3200,3,4.039400,1,1.287600,0
2023-11-08,sh.688480,35.7000,37.8000,35.4100,37.5100,35.4000,1237721,45389672.1000,3,6.091200,1,5.960500,0
2023-11-09,sh.688480,37.9000,38.1800,36.2700,37.5700,37.5100,714322,26503765.3000,3,3.515400,1,0.160000,0
2023-11-10,sh.688480,37.6000,37.6000,36.2000,37.1600,37.5700,675412,24848953.9700,3,3.323900,1,-1.091300,0
2023-11-13,sh.688480,37.4700,37.9900,35.3800,37.2000,37.1600,1092971,39997814.6400,3,5.378800,1,0.107600,0
2023-11-14,sh.688480,37.2000,37.7000,36.9000,37.3500,37.2000,378805,14118193.3000,3,1.864200,1,0.403200,0
2023-11-15,sh.688480,37.3500,37.8400,37.0000,37.4000,37.3500,297137,11093135.8600,3,1.462300,1,0.133900,0
2023-11-16,sh.688480,37.0300,37.4500,36.8900,37.1000,37.4000,322540,11956288.0100,3,1.587300,1,-0.802100,0
2023-11-17,sh.688480,37.6800,37.6800,36.6600,37.0000,37.1000,319082,11779470.5300,3,1.570300,1,-0.269500,0
2023-11-20,sh.688480,37.0000,37.2600,36.3700,36.5500,37.0000,542759,19920791.8000,3,2.671100,1,-1.216200,0
2023-11-21,sh.688480,36.9800,38.0900,36.1900,36.7700,36.5500,940711,34846550.1300,3,4.629500,1,0.601900,0
2023-11-22,sh.688480,36.2600,37.6000,36.2600,36.9600,36.7700,415158,15416583.1200,3,2.043100,1,0.516700,0
2023-11-23,sh.688480,36.6600,42.6600,36.6600,40.9500,36.9600,1607611,64311431.0100,3,7.911500,1,10.795500,0
2023-11-24,sh.688480,40.8300,41.6800,40.0200,41.1100,40.9500,1366292,55999962.1100,3,6.723900,1,0.390700,0
2023-11-27,sh.688480,41.1100,41.9900,40.0500,41.4500,41.1100,1383376,57269307.6000,3,3.290500,1,0.827000,0
2023-11-28,sh.688480,41.4000,44.6700,40.9500,43.8800,41.4500,1652635,71399959.5500,3,3.931000,1,5.862500,0
2023-11-29,sh.688480,44.2300,44.2300,42.0000,42.7500,43.8800,1492944,63728722.6100,3,3.551100,1,-2.575200,0
2023-11-30,sh.688480,42.3900,42.9100,40.6400,41.3400,42.7500,1580554,66065296.4000,3,3.759500,1,-3.298200,0
2023-12-01,sh.688480,41.2100,41.2600,39.1500,40.9900,41.3400,2594491,103983656.1600,3,6.171300,1,-0.846600,0
2023-12-04,sh.688480,40.4900,42.2800,40.0000,41.9100,40.9900,1248931,51616747.3300,3,2.970700,1,2.244400,0
2023-12-05,sh.688480,42.0000,43.1700,40.8300,41.9600,41.9100,985079,41721653.3700,3,2.343100,1,0.119300,0
2023-12-06,sh.688480,41.4200,42.0700,41.2700,41.8300,41.9600,841758,35074461.8000,3,2.002200,1,-0.309800,0
2023-12-07,sh.688480,41.3100,41.8300,40.9300,41.3500,41.8300,572224,23614686.7800,3,0.920500,1,-1.147500,0
2023-12-08,sh.688480,41.0000,41.5500,40.4000,40.5300,41.3500,538728,21993083.2100,3,0.866700,1,-1.983100,0
2023-12-11,sh.688480,40.3200,41.1100,39.8400,40.7500,40.5300,494829,19897376.0900,3,0.796000,1,0.542800,0
2023-12-12,sh.688480,40.6900,42.0000,40.3000,41.5500,40.7500,562074,23134003.1700,3,0.904200,1,1.963200,0
2023-12-13,sh.688480,41.9600,41.9600,40.5100,40.6200,41.5500,511126,20926330.7700,3,0.822300,1,-2.238300,0
2023-12-14,sh.688480,40.6200,40.7100,40.1200,40.4700,40.6200,409256,16546156.3500,3,0.658400,1,-0.369300,0
2023-12-15,sh.688480,40.2900,40.3800,39.6800,40.0500,40.4700,423635,16962351.7200,3,0.681500,1,-1.037800,0
2023-12-18,sh.688480,39.9100,40.5000,39.3100,39.6100,40.0500,445012,17758290.3700,3,0.715900,1,-1.098600,0
2023-12-19,sh.688480,39.6800,39.6800,38.8200,39.3000,39.6100,421440,16499102.7700,3,0.678000,1,-0.782600,0
2023-12-20,sh.688480,39.5000,40.6500,39.1700,39.3400,39.3000,496076,19723215.3300,3,0.798000,1,0.101800,0
2023-12-21,sh.688480,39.0100,39.4900,37.8100,38.9900,39.3400,517349,20089759.3400,3,0.832300,1,-0.889700,0
2023-12-22,sh.688480,39.1800,39.2700,37.9000,38.2200,38.9900,410754,15829456.0400,3,0.660800,1,-1.974900,0
2023-12-25,sh.688480,38.0300,38.9900,37.4900,38.6200,38.2200,384791,14847474.3200,3,0.619000,1,1.046600,0
2023-12-26,sh.688480,38.7000,38.7000,37.5600,38.2900,38.6200,329888,12558452.9900,3,0.530700,1,-0.854500,0
2023-12-27,sh.688480,38.3000,38.6700,37.8900,38.4400,38.2900,270191,10345661.1800,3,0.434700,1,0.391700,0
2023-12-28,sh.688480,37.9400,39.0200,37.7300,38.8100,38.4400,356436,13777118.2000,3,0.573400,1,0.962500,0
2023-12-29,sh.688480,38.8000,39.8700,38.6400,38.7200,38.8100,363513,14198599.3200,3,0.584800,1,-0.231900,0
2024-01-02,sh.688480,38.6400,39.4500,37.9000,38.7100,38.7200,406290,15618352.7900,3,0.653600,1,-0.025800,0
2024-01-03,sh.688480,38.8700,38.8700,37.8100,38.1900,38.7100,343150,13094722.2000,3,0.552000,1,-1.343300,0
2024-01-04,sh.688480,38.2000,38.4000,37.9000,38.0800,38.1900,200252,7643254.6000,3,0.322100,1,-0.288000,0
2024-01-05,sh.688480,37.8900,38.0300,36.7000,37.0000,38.0800,420652,15675015.6800,3,0.676700,1,-2.836100,0
2024-01-08,sh.688480,37.0000,37.4000,36.0000,36.4400,37.0000,425794,15578759.7600,3,0.685000,1,-1.513500,0
2024-01-09,sh.688480,37.0900,39.0500,36.1100,39.0500,36.4400,946077,36039627.8500,3,1.522000,1,7.162500,0
2024-01-10,sh.688480,39.0000,40.6800,38.2000,38.5200,39.0500,1103449,43592594.0200,3,1.775100,1,-1.357200,0
2024-01-11,sh.688480,38.7000,40.0000,38.7000,39.8700,38.5200,686528,27079785.3500,3,1.104400,1,3.504700,0
2024-01-12,sh.688480,40.2300,40.4400,38.7500,38.8600,39.8700,654582,25898282.1700,3,1.053000,1,-2.533200,0
2024-01-15,sh.688480,39.8000,39.8000,37.5600,37.8500,38.8600,936028,36091969.3200,3,1.505800,1,-2.599100,0
2024-01-16,sh.688480,37.1200,38.3900,37.1200,38.3100,37.8500,575018,21855677.7900,3,0.925000,1,1.215300,0
2024-01-17,sh.688480,38.6300,38.6900,37.3400,37.4400,38.3100,339238,12916119.9000,3,0.545700,1,-2.270900,0
2024-01-18,sh.688480,37.1100,37.9400,36.1100,36.9700,37.4400,772960,28393959.5200,3,1.243500,1,-1.255300,0
2024-01-19,sh.688480,36.5400,37.4900,36.4000,36.8300,36.9700,467484,17271682.0700,3,0.752000,1,-0.378700,0
2024-01-22,sh.688480,37.0000,37.0000,33.7000,34.5100,36.8300,566247,20076086.0500,3,0.910900,1,-6.299200,0
2024-01-23,sh.688480,35.4900,35.4900,34.0700,34.2900,34.5100,381644,13147112.3500,3,0.614000,1,-0.637500,0
2024-01-24,sh.688480,35.1900,36.0000,33.5500,36.0000,34.2900,788812,27295620.9800,3,1.269000,1,4.986900,0
2024-01-25,sh.688480,36.0000,37.8800,35.8100,37.5700,36.0000,701382,25968931.6000,3,1.128300,1,4.361100,0
2024-01-26,sh.688480,37.5600,37.8900,36.1800,37.1700,37.5700,384130,14222249.1700,3,0.618000,1,-1.064700,0
2024-01-29,sh.688480,36.4600,36.5100,35.7300,35.8100,37.1700,455610,16460997.0100,3,0.732900,1,-3.658900,0
2024-01-30,sh.688480,35.6700,36.6800,34.8700,35.1100,35.8100,393201,14085928.3300,3,0.632500,1,-1.954800,0
2024-01-31,sh.688480,35.0300,35.3500,33.1400,33.4600,35.1100,496829,16899396.0600,3,0.799300,1,-4.699500,0
2024-02-01,sh.688480,32.1100,34.2600,32.1000,33.1500,33.4600,465657,15464379.1900,3,0.749100,1,-0.926500,0
2024-02-02,sh.688480,33.0100,33.3300,26.7100,30.2400,33.1500,1073551,33295375.5200,3,1.727000,1,-8.778300,0
2024-02-05,sh.688480,30.3500,30.3500,27.5200,28.4000,30.2400,1249205,35973407.1100,3,2.009600,1,-6.084700,0
2024-02-06,sh.688480,28.4100,31.4300,26.0100,29.7800,28.4000,1024398,29743399.7600,3,1.648000,1,4.859200,0
2024-02-07,sh.688480,29.7800,29.9900,27.4100,29.8000,29.7800,1218337,35531886.3600,3,1.960000,1,0.067200,0
2024-02-08,sh.688480,29.8000,34.5600,29.0000,32.3900,29.8000,1031392,32552594.8600,3,1.659200,1,8.691300,0
2024-02-19,sh.688480,32.3900,34.2600,32.3800,33.7900,32.3900,497791,16728825.1500,3,0.800800,1,4.322300,0
2024-02-20,sh.688480,33.6800,35.5500,32.6100,35.0200,33.7900,472640,16416703.7700,3,0.760300,1,3.640100,0
2024-02-21,sh.688480,34.1900,36.5000,34.1900,35.6800,35.0200,452902,16289307.0600,3,0.728600,1,1.884600,0
2024-02-22,sh.688480,35.5600,36.5000,35.1700,35.6600,35.6800,222984,7977911.6000,3,0.358700,1,-0.056100,0
2024-02-23,sh.688480,35.3600,36.0000,35.0000,35.7700,35.6600,425617,15086251.1500,3,0.684700,1,0.308500,0
2024-02-26,sh.688480,36.0900,36.4900,34.8600,35.5900,35.7700,703032,24942023.0800,3,1.131000,1,-0.503200,0
2024-02-27,sh.688480,35.9500,37.4000,35.0300,37.1800,35.5900,919320,33275316.0800,3,1.478900,1,4.467500,0
2024-02-28,sh.688480,37.8600,37.8600,34.0800,34.0800,37.1800,744213,26603491.0600,3,1.197200,1,-8.337800,0
2024-02-29,sh.688480,34.6300,35.4900,34.1400,35.2000,34.0800,482376,16827632.2700,3,0.776000,1,3.286400,0
2024-03-01,sh.688480,35.3000,35.9600,35.0800,35.8000,35.2000,744465,26512039.2600,3,1.197600,1,1.704500,0
2024-03-04,sh.688480,35.8000,36.5600,35.4700,35.7700,35.8000,371434,13342697.8500,3,0.597500,1,-0.083800,0
2024-03-05,sh.688480,35.4200,35.9800,35.2200,35.4200,35.7700,356568,12718005.7600,3,0.573600,1,-0.978500,0
2024-03-06,sh.688480,35.9700,35.9700,35.4000,35.6400,35.4200,210021,7487015.1700,3,0.337900,1,0.621100,0
2024-03-07,sh.688480,35.6400,36.3000,35.4000,35.9000,35.6400,285756,10251431.7300,3,0.459700,1,0.729500,0
2024-03-08,sh.688480,35.5100,36.4600,34.8800,35.4500,35.9000,686833,24319395.7800,3,1.104900,1,-1.253500,0
2024-03-11,sh.688480,35.2000,35.2600,34.1200,34.9000,35.4500,967984,33512278.3900,3,1.557200,1,-1.551500,0
2024-03-12,sh.688480,34.1600,34.8100,33.2900,33.6100,34.9000,938913,31892727.3700,3,1.510400,1,-3.696300,0
2024-03-13,sh.688480,33.3400,34.2000,33.2900,33.8900,33.6100,450767,15194023.2600,3,0.725200,1,0.833100,0
2024-03-14,sh.688480,33.7600,34.3300,33.0000,33.3400,33.8900,867063,29108808.5000,3,1.394900,1,-1.622900,0
2024-03-15,sh.688480,33.3100,33.9500,32.9600,33.7800,33.3400,604611,20114686.0300,3,0.972600,1,1.319700,0
2024-03-18,sh.688480,33.9200,34.7500,33.7800,34.7500,33.7800,484385,16722636.2300,3,0.779200,1,2.871500,0
2024-03-19,sh.688480,34.9000,35.2700,33.8600,34.0500,34.7500,496441,16944086.0300,3,0.798600,1,-2.014400,0
2024-03-20,sh.688480,34.0600,34.3500,33.7000,33.9600,34.0500,289915,9841665.2300,3,0.466400,1,-0.264300,0
2024-03-21,sh.688480,34.1000,34.3100,33.5000,33.9400,33.9600,237061,8033254.9700,3,0.381400,1,-0.058900,0
2024-03-22,sh.688480,33.7300,33.9600,32.7800,33.3000,33.9400,413804,13755100.1500,3,0.665700,1,-1.885700,0
2024-03-25,sh.688480,33.0000,33.5200,32.7900,32.9300,33.3000,347195,11466112.2800,3,0.558500,1,-1.111100,0
2024-03-26,sh.688480,32.6000,33.0400,32.3000,32.7600,32.9300,383979,12505857.3400,3,0.617700,1,-0.516200,0
2024-03-27,sh.688480,32.4600,32.9600,32.3200,32.3200,32.7600,224075,7301990.7500,3,0.360500,1,-1.343100,0
2024-03-28,sh.688480,32.3100,33.3600,32.0300,32.7200,32.3200,352227,11525937.9100,3,0.566600,1,1.237600,0
2024-03-29,sh.688480,32.7200,33.6000,32.5800,33.6000,32.7200,197139,6521356.9600,3,0.317100,1,2.689500,0
2024-04-01,sh.688480,33.6900,34.1800,33.4200,33.6800,33.6000,443163,14929239.5100,3,0.712900,1,0.238100,0
2024-04-02,sh.688480,33.4000,33.7100,32.6800,33.1800,33.6800,427010,14167983.9300,3,0.686900,1,-1.484600,0
2024-04-03,sh.688480,33.2700,33.2700,32.4700,32.8300,33.1800,285646,9378984.6000,3,0.459500,1,-1.054900,0
2024-04-08,sh.688480,32.8300,34.4000,32.5500,33.0500,32.8300,1044902,35273920.6900,3,1.681000,1,0.670100,0
2024-04-09,sh.688480,33.0900,33.5000,32.4100,33.4100,33.0500,507710,16720410.2200,3,0.816800,1,1.089300,0
2024-04-10,sh.688480,33.2800,34.3500,32.6900,32.9800,33.4100,444235,14778289.1000,3,0.714600,1,-1.287000,0
2024-04-11,sh.688480,32.6900,33.2300,32.4200,32.5500,32.9800,349095,11444650.1400,3,0.561600,1,-1.303800,0
2024-04-12,sh.688480,32.4100,33.5000,32.4100,33.0000,32.5500,382729,12619625.2000,3,0.615700,1,1.382500,0
2024-04-15,sh.688480,33.0000,33.4000,31.3300,31.8200,33.0000,453662,14552123.3400,3,0.729800,1,-3.575800,0
2024-04-16,sh.688480,31.3900,31.3900,29.8000,30.2000,31.8200,651012,19710069.0900,3,1.047300,1,-5.091100,0
2024-04-17,sh.688480,30.3700,31.6200,30.3700,31.5500,30.2000,303257,9439763.7200,3,0.487900,1,4.470200,0
2024-04-18,sh.688480,31.6600,32.2400,30.5200,30.8000,31.5500,571521,17819801.0200,3,0.919400,1,-2.377200,0
2024-04-19,sh.688480,30.6500,31.2000,29.6800,30.5300,30.8000,629613,19053638.8800,3,1.012900,1,-0.876600,0
2024-04-22,sh.688480,31.6600,34.2600,31.4800,33.6600,30.5300,1877687,61132095.9100,3,3.011900,1,10.252200,0
2024-04-23,sh.688480,32.9900,34.9600,32.7100,34.7400,33.6600,1801638,61417637.4400,3,2.889900,1,3.208600,0
2024-04-24,sh.688480,34.7000,35.4400,34.1900,34.7000,34.7400,1007474,35171298.2900,3,1.616000,1,-0.115100,0
2024-04-25,sh.688480,34.7000,34.9500,33.8000,34.0000,34.7000,713664,24523291.2100,3,1.144800,1,-2.017300,0
2024-04-26,sh.688480,34.0000,34.1800,33.1500,33.9600,34.0000,1046111,35156776.0100,3,1.678000,1,-0.117600,0
2024-04-29,sh.688480,33.7800,35.0500,33.7800,34.9800,33.9600,741168,25626400.4100,3,1.188900,1,3.003500,0
2024-04-30,sh.688480,35.6000,35.9200,34.7900,35.2300,34.9800,662841,23495370.8700,3,1.063200,1,0.714700,0
2024-05-06,sh.688480,37.0000,37.0000,34.6200,35.5800,35.2300,874365,30845017.9800,3,1.402500,1,0.993500,0
2024-05-07,sh.688480,35.5000,35.8500,34.8600,35.5400,35.5800,905187,32002372.2600,3,1.452000,1,-0.112400,0
2024-05-08,sh.688480,35.5900,35.7400,34.8100,35.2300,35.5400,685002,24114866.0800,3,1.098800,1,-0.872300,0
2024-05-09,sh.688480,34.8400,35.7900,34.8400,35.1500,35.2300,316883,11189899.8200,3,0.508300,1,-0.227100,0
2024-05-10,sh.688480,35.0400,35.3500,34.0600,34.3100,35.1500,444817,15443631.7400,3,0.713500,1,-2.389800,0
2024-05-13,sh.688480,34.3000,34.9200,33.4100,33.6700,34.3100,631496,21602626.0200,3,1.013000,1,-1.865300,0
2024-05-14,sh.688480,33.3500,34.5900,33.3500,33.7400,33.6700,349110,11835588.1800,3,0.560000,1,0.207900,0
2024-05-15,sh.688480,33.5800,34.5000,33.3600,33.8200,33.7400,363745,12382552.0500,3,0.583500,1,0.237100,0
2024-05-16,sh.688480,33.6900,34.3800,33.1100,33.1900,33.8200,668262,22587039.8900,3,1.071900,1,-1.862800,0
2024-05-17,sh.688480,33.3000,33.8800,33.2000,33.8000,33.1900,479115,16060920.8400,3,0.768500,1,1.837900,0
2024-05-20,sh.688480,33.8800,34.9200,33.6200,34.0400,33.8000,633147,21665125.1900,3,1.015600,1,0.710100,0
2024-05-21,sh.688480,33.7000,34.1900,33.3000,33.8200,34.0400,313198,10555826.6900,3,0.502400,1,-0.646300,0
2024-05-22,sh.688480,33.8300,33.8600,33.1800,33.5100,33.8200,354912,11916944.1800,3,0.569300,1,-0.916600,0
2024-05-23,sh.688480,33.3400,33.4000,32.5600,32.6600,33.5100,325284,10700966.0100,3,0.521800,1,-2.536600,0
2024-05-24,sh.688480,32.6600,33.2600,32.5900,32.6500,32.6600,194403,6385412.3300,3,0.311800,1,-0.030600,0
2024-05-27,sh.688480,32.9900,32.9900,31.8600,32.2600,32.6500,525123,16890274.7700,3,0.842300,1,-1.194500,0
2024-05-28,sh.688480,32.4500,32.5700,32.1100,32.2000,32.2600,310427,10047742.4200,3,0.497900,1,-0.186000,0
2024-05-29,sh.688480,31.8900,32.6000,31.8900,32.4600,32.2000,183765,5949793.5800,3,0.294800,1,0.807500,0
2024-05-30,sh.688480,32.4700,33.0000,32.0700,32.2900,32.4600,348214,11321456.7400,3,0.558600,1,-0.523700,0
2024-05-31,sh.688480,32.0000,32.3800,31.8100,31.8300,32.2900,251944,8059667.7900,3,0.404100,1,-1.424600,0
2024-06-03,sh.688480,31.7700,32.3900,31.2000,31.4800,31.8300,593151,18827623.6100,3,0.943900,1,-1.099600,0
2024-06-04,sh.688480,31.5000,31.7700,30.2000,30.7900,31.4800,592129,18197866.9200,3,0.942300,1,-2.191900,0
2024-06-05,sh.688480,30.5500,31.2600,30.2700,30.5000,30.7900,493821,15148321.3500,3,0.785800,1,-0.941900,0
2024-06-06,sh.688480,30.5000,30.5100,29.1300,29.4100,30.5000,497574,14747848.2300,3,0.791800,1,-3.573800,0
2024-06-07,sh.688480,28.8100,30.1800,28.8100,29.6700,29.4100,401992,11936709.8600,3,0.639700,1,0.884100,0
2024-06-11,sh.688480,29.8800,29.8900,28.8000,29.3300,29.6700,426198,12429317.6900,3,0.678200,1,-1.145900,0
2024-06-12,sh.688480,29.2000,29.9500,29.0600,29.6100,29.3300,328825,9759468.3100,3,0.523300,1,0.954700,0
2024-06-13,sh.688480,29.5100,30.1000,29.0500,29.8100,29.6100,279798,8310099.8400,3,0.445200,1,0.675400,0
2024-06-14,sh.688480,29.6000,29.9300,29.2500,29.3300,29.8100,319531,9423806.8200,3,0.508500,1,-1.610200,0
2024-06-17,sh.688480,29.2200,29.8000,29.1800,29.6500,29.3300,566438,16707840.7700,3,0.901400,1,1.091000,0
2024-06-18,sh.688480,29.4300,29.7500,28.5400,28.8100,29.6500,651808,18857575.2100,3,1.037200,1,-2.833100,0
2024-06-19,sh.688480,28.6000,29.1000,28.4700,28.8100,28.8100,295555,8507599.6600,3,0.470300,1,0.000000,0
2024-06-20,sh.688480,28.8100,29.2800,28.5700,29.1600,28.8100,425042,12339330.7500,3,0.676400,1,1.214900,0
2024-06-21,sh.688480,29.0700,30.2300,28.8200,29.9700,29.1600,505258,15033097.5600,3,0.804000,1,2.777800,0
2024-06-24,sh.688480,29.8000,29.8300,28.3900,29.1900,29.9700,763628,22078180.7200,3,1.215200,1,-2.602600,0
2024-06-25,sh.688480,29.0000,29.3100,27.8500,28.3300,29.1900,673277,19221689.4100,3,1.071400,1,-2.946200,0
2024-06-26,sh.688480,28.0500,28.7900,27.9200,28.7100,28.3300,493076,14015109.7700,3,0.784600,1,1.341300,0
2024-06-27,sh.688480,28.5100,29.5900,27.9700,27.9900,28.7100,587739,16758052.1800,3,0.935300,1,-2.507800,0
2024-06-28,sh.688480,27.8300,28.5900,27.7000,27.8600,27.9900,588045,16564339.0800,3,0.935800,1,-0.464500,0
2024-07-01,sh.688480,27.8500,28.3500,26.9600,27.3800,27.8600,938840,25707038.1000,3,1.494000,1,-1.722900,0
2024-07-02,sh.688480,27.3500,27.4800,26.6800,26.9400,27.3800,426059,11583137.1200,3,0.678000,1,-1.607000,0
2024-07-03,sh.688480,26.7300,27.2200,26.3400,26.7400,26.9400,412640,11063229.2500,3,0.656600,1,-0.742400,0
2024-07-04,sh.688480,27.2100,27.2100,25.5000,25.5300,26.7400,497018,12909001.6500,3,0.790900,1,-4.525100,0
2024-07-05,sh.688480,25.0100,25.8800,25.0100,25.6500,25.0300,343777,8738017.5600,3,0.547100,1,2.477000,0
2024-07-08,sh.688480,26.0400,26.0400,24.7000,24.8700,25.6500,523415,13162324.9900,3,0.832900,1,-3.040900,0
2024-07-09,sh.688480,24.6600,25.8900,24.6000,25.6300,24.8700,645925,16311250.6400,3,1.027900,1,3.055900,0
2024-07-10,sh.688480,25.4200,26.3400,25.4200,25.9200,25.6300,615206,15923037.0800,3,0.979000,1,1.131500,0
2024-07-11,sh.688480,26.0000,27.2000,26.0000,27.1500,25.9200,500452,13475163.8800,3,0.796400,1,4.745400,0
2024-07-12,sh.688480,27.1200,28.0300,26.6500,27.5100,27.1500,850651,23238031.8900,3,1.353600,1,1.326000,0
2024-07-15,sh.688480,29.5000,29.8800,26.2500,26.5400,27.5100,1863256,51191550.6300,3,2.965000,1,-3.526000,0
2024-07-16,sh.688480,26.5100,26.8800,25.6600,25.9200,26.5400,1132218,29551583.6600,3,1.801700,1,-2.336100,0
2024-07-17,sh.688480,25.5200,26.1300,25.1100,25.7200,25.9200,590495,15142636.4200,3,0.939700,1,-0.771600,0
2024-07-18,sh.688480,25.5400,25.5400,24.9900,25.5200,25.7200,455329,11474730.5600,3,0.724600,1,-0.777600,0
2024-07-19,sh.688480,25.2000,25.5600,25.0300,25.2300,25.5200,538038,13575570.4200,3,0.856200,1,-1.136400,0
2024-07-22,sh.688480,25.1900,25.4600,24.7800,24.9800,25.2300,439350,10987327.1200,3,0.699100,1,-0.990900,0
2024-07-23,sh.688480,24.8100,25.1100,24.0000,24.0400,24.9800,642260,15677507.9900,3,1.022000,1,-3.763000,0
2024-07-24,sh.688480,23.8200,23.9500,23.0600,23.1500,24.0400,606226,14160914.1000,3,0.964700,1,-3.702200,0
2024-07-25,sh.688480,22.8700,23.3900,22.5300,22.8400,23.1500,425571,9738020.4600,3,0.677200,1,-1.339100,0
2024-07-26,sh.688480,22.8000,23.3900,22.6000,22.9000,22.8400,638189,14687752.3900,3,1.015600,1,0.262700,0
2024-07-29,sh.688480,22.8000,23.0000,22.0000,22.1000,22.9000,757503,16924642.1000,3,1.205400,1,-3.493400,0
2024-07-30,sh.688480,21.9000,23.7100,21.9000,23.4500,22.1000,1050397,24181113.2300,3,1.671500,1,6.108600,0
2024-07-31,sh.688480,23.1800,25.2500,23.1800,25.2200,23.4500,1059735,25961928.9900,3,1.686400,1,7.548000,0
2024-08-01,sh.688480,25.2100,25.7900,24.6200,25.2300,25.2200,871921,21901748.0100,3,1.387500,1,0.039700,0
2024-08-02,sh.688480,25.2200,25.2200,24.6800,24.8100,25.2300,396979,9889693.3800,3,0.631700,1,-1.664700,0
2024-08-05,sh.688480,24.8100,25.9000,24.5900,25.2000,24.8100,732040,18548486.1800,3,1.164900,1,1.571900,0
2024-08-06,sh.688480,25.2000,25.7700,25.1400,25.6300,25.2000,481560,12254286.7300,3,0.766300,1,1.706300,0
2024-08-07,sh.688480,25.8000,26.0000,25.4000,25.9000,25.6300,350433,9012211.6100,3,0.557600,1,1.053500,0
2024-08-08,sh.688480,25.6700,26.1500,25.5700,25.9800,25.9000,416787,10800797.7300,3,0.663200,1,0.308900,0
2024-08-09,sh.688480,25.8800,26.0400,25.3800,25.4500,25.9800,487996,12470569.0900,3,0.776500,1,-2.040000,0
2024-08-12,sh.688480,25.8900,26.1800,25.3300,25.6400,25.4500,305270,7872331.1300,3,0.485800,1,0.746600,0
2024-08-13,sh.688480,25.6400,26.1600,25.3100,26.0500,25.6400,432462,11178998.8500,3,0.688200,1,1.599100,0
2024-08-14,sh.688480,26.1500,26.1500,25.6100,25.6900,26.0500,191729,4951930.0000,3,0.305100,1,-1.382000,0
2024-08-15,sh.688480,25.5900,25.9800,25.4100,25.6200,25.6900,298823,7683720.1800,3,0.475500,1,-0.272500,0
2024-08-16,sh.688480,25.9700,25.9900,25.5000,25.6200,25.6200,272583,7008115.7900,3,0.433800,1,0.000000,0
2024-08-19,sh.688480,25.6200,25.6200,25.2100,25.2800,25.6200,324846,8236028.4300,3,0.516900,1,-1.327100,0
2024-08-20,sh.688480,25.5800,25.5800,24.5500,24.6200,25.2800,178057,4430832.1500,3,0.283300,1,-2.610800,0
2024-08-21,sh.688480,24.5900,24.7200,24.2100,24.5000,24.6200,183000,4466556.6800,3,0.291200,1,-0.487400,0
2024-08-22,sh.688480,25.2200,25.3900,24.0100,24.0500,24.5000,263968,6415562.2900,3,0.420100,1,-1.836700,0
2024-08-23,sh.688480,24.0200,24.3700,23.6700,23.9800,24.0500,222489,5318629.7000,3,0.354000,1,-0.291100,0
2024-08-26,sh.688480,23.8200,24.7900,23.8200,24.5200,23.9800,314104,7685293.3500,3,0.499800,1,2.251900,0
2024-08-27,sh.688480,24.3900,24.8100,23.7700,24.2500,24.5200,270398,6588517.9800,3,0.431500,1,-1.101100,0
2024-08-28,sh.688480,24.1700,24.8100,23.8500,24.5600,24.2500,287583,7042910.6700,3,0.459000,1,1.278400,0
2024-08-29,sh.688480,24.3100,25.0400,24.3000,24.7700,24.5600,310918,7719022.4200,3,0.496200,1,0.855000,0
2024-08-30,sh.688480,24.9600,25.1800,24.8100,24.8900,24.7700,448352,11209462.8600,3,0.715500,1,0.484500,0
2024-09-02,sh.688480,24.8000,25.1300,23.3000,23.3700,24.8900,828128,19786895.1300,3,1.321600,1,-6.106900,0
2024-09-03,sh.688480,23.3500,24.1900,23.2000,23.7200,23.3700,431329,10265258.8500,3,0.688400,1,1.497600,0
2024-09-04,sh.688480,23.6100,23.8900,23.3100,23.5700,23.7200,206085,4859988.3300,3,0.328900,1,-0.632400,0
2024-09-05,sh.688480,23.5700,24.2800,23.5400,23.8100,23.5700,240208,5756819.9300,3,0.383300,1,1.018200,0
2024-09-06,sh.688480,23.8100,23.8400,23.2300,23.3700,23.8100,236266,5557530.1300,3,0.377100,1,-1.848000,0
2024-09-09,sh.688480,23.1200,23.4800,23.0300,23.1000,23.3700,309117,7162561.5800,3,0.493300,1,-1.155300,0
2024-09-10,sh.688480,23.1100,23.3700,22.8900,23.0600,23.1000,237716,5491628.4500,3,0.379400,1,-0.173200,0
2024-09-11,sh.688480,23.0000,23.3300,22.7500,23.2000,23.0600,259288,6005554.0700,3,0.413800,1,0.607100,0
2024-09-12,sh.688480,23.3300,23.5900,23.0800,23.3200,23.2000,331291,7712788.4700,3,0.528700,1,0.517200,0
2024-09-13,sh.688480,23.3100,23.3200,22.6100,22.6700,23.3200,342502,7824691.2800,3,0.546600,1,-2.787300,0
2024-09-18,sh.688480,22.6600,22.6700,22.1000,22.3300,22.6700,216185,4834896.5600,3,0.345000,1,-1.499800,0
2024-09-19,sh.688480,22.3200,22.9900,22.1500,22.8800,22.3300,385491,8750616.4000,3,0.615200,1,2.463100,0
2024-09-20,sh.688480,22.5600,22.9400,22.5600,22.7200,22.8800,139426,3172620.9300,3,0.222500,1,-0.699300,0
2024-09-23,sh.688480,22.7200,22.8400,22.3900,22.5200,22.7200,231818,5242585.1700,3,0.370000,1,-0.880300,0
2024-09-24,sh.688480,22.5200,23.6600,22.5200,23.5900,22.5200,333262,7730129.0900,3,0.531900,1,4.751300,0
2024-09-25,sh.688480,23.9100,25.0000,23.9100,24.3200,23.5900,657271,15974427.9800,3,1.048900,1,3.094500,0
2024-09-26,sh.688480,24.6600,25.0700,24.2200,25.0700,24.3200,755854,18716485.6800,3,1.206300,1,3.083900,0
2024-09-27,sh.688480,25.2200,26.2800,25.2200,26.1600,25.0700,541498,13994427.2800,3,0.864200,1,4.347800,0
2024-09-30,sh.688480,28.0000,30.9800,26.9000,30.3300,26.1600,1814821,52257014.1200,3,2.896300,1,15.940400,0
2024-10-08,sh.688480,35.6000,35.9400,31.3400,33.2100,30.3300,4600975,156324130.0600,3,7.342700,1,9.495500,0
2024-10-09,sh.688480,31.5300,31.8700,28.2400,28.9200,33.2100,2724399,81448866.6400,3,4.347800,1,-12.917800,0
2024-10-10,sh.688480,28.8300,30.6600,28.1500,29.5600,28.9200,1293636,38186023.3700,3,2.064500,1,2.213000,0
2024-10-11,sh.688480,29.8800,29.8800,27.0700,27.7500,29.5600,789221,22167254.8200,3,1.259500,1,-6.123100,0
2024-10-14,sh.688480,27.8000,30.1100,27.5100,29.5000,27.7500,824102,23543236.2100,3,1.315200,1,6.306300,0
2024-10-15,sh.688480,29.2600,29.4300,28.5900,28.8500,29.5000,636268,18384985.0700,3,1.015400,1,-2.203400,0
2024-10-16,sh.688480,28.8500,29.0300,28.4300,28.6700,28.8500,499228,14343764.0500,3,0.796700,1,-0.623900,0
2024-10-17,sh.688480,28.6600,29.1300,28.2600,28.2600,28.6700,647656,18518607.9000,3,1.033600,1,-1.430100,0
2024-10-18,sh.688480,28.3000,30.8000,28.0800,30.0000,28.2600,1668051,49616278.8400,3,2.662000,1,6.157100,0
2024-10-21,sh.688480,29.9900,31.2000,29.9700,30.8000,30.0000,1551544,47889902.6900,3,2.476100,1,2.666700,0
2024-10-22,sh.688480,30.8000,31.2200,30.3500,30.6300,30.8000,610604,18759357.8500,3,0.974500,1,-0.551900,0
2024-10-23,sh.688480,30.3700,30.9900,30.2900,30.6100,30.6300,649372,19960315.0000,3,1.036300,1,-0.065300,0
2024-10-24,sh.688480,30.6400,31.2900,29.9500,31.0900,30.6100,726683,22237657.0200,3,1.159700,1,1.568100,0
2024-10-25,sh.688480,31.4400,33.6600,31.2200,33.0400,31.0900,1861532,61120868.7100,3,2.970800,1,6.272100,0
2024-10-28,sh.688480,32.9400,35.0000,32.7800,34.9900,33.0400,1693887,57918761.3500,3,2.703300,1,5.901900,0
2024-10-29,sh.688480,34.3300,34.8000,32.2200,32.5700,34.9900,1951951,64586516.4400,3,3.115100,1,-6.916300,0
2024-10-30,sh.688480,32.2100,32.4800,30.7000,31.4800,32.5700,1170564,36975500.9000,3,1.868100,1,-3.346600,0
2024-10-31,sh.688480,31.6600,32.3900,31.2300,32.2600,31.4800,1135814,36156490.4200,3,1.812600,1,2.477800,0
2024-11-01,sh.688480,31.8800,32.7500,31.6100,31.7600,32.2600,841946,27073712.0400,3,1.343700,1,-1.549900,0
2024-11-04,sh.688480,31.6500,32.8700,31.3600,32.2900,31.7600,700916,22558262.8200,3,1.118600,1,1.668800,0
2024-11-05,sh.688480,31.9900,32.7800,31.6800,32.3800,32.2900,1093149,35383743.1500,3,1.744500,1,0.278700,0
2024-11-06,sh.688480,32.4600,34.0000,32.0000,32.3800,32.3800,1112049,36834958.9500,3,1.774700,1,0.000000,0
2024-11-07,sh.688480,32.1500,32.9900,31.9100,32.5800,32.3800,815373,26404354.2800,3,1.301200,1,0.617700,0
2024-11-08,sh.688480,32.8900,33.2000,31.6700,31.8900,32.5800,1215323,39298381.7000,3,1.939500,1,-2.117900,0
2024-11-11,sh.688480,32.0000,32.8000,31.9100,32.6500,31.8900,1375060,44547451.0200,3,2.194400,1,2.383200,0
2024-11-12,sh.688480,32.6400,32.8500,31.5000,31.9200,32.6500,1242612,40057784.3100,3,1.983100,1,-2.235800,0
2024-11-13,sh.688480,31.9100,31.9400,31.0000,31.6800,31.9200,593448,18652219.7200,3,0.947100,1,-0.751900,0
2024-11-14,sh.688480,31.4800,31.6700,29.5800,29.9000,31.6800,840157,25670760.9200,3,1.340800,1,-5.618700,0
2024-11-15,sh.688480,29.9100,30.3100,28.2800,28.4100,29.9000,1082584,31634541.6100,3,1.727700,1,-4.983300,0
2024-11-18,sh.688480,29.0100,29.1200,28.0100,28.3200,28.4100,627019,17909472.4300,3,1.000700,1,-0.316800,0
2024-11-19,sh.688480,28.4500,29.2100,28.0100,29.2100,28.3200,532949,15213511.7500,3,0.850500,1,3.142700,0
2024-11-20,sh.688480,29.2100,30.0100,28.9400,29.5400,29.2100,551697,16272948.7100,3,0.880400,1,1.129800,0
2024-11-21,sh.688480,29.2600,31.2600,29.2600,29.9500,29.5400,902497,27401240.6200,3,1.440300,1,1.387900,0
2024-11-22,sh.688480,29.6600,29.9100,28.4600,28.4600,29.9500,607894,17778629.5600,3,0.970100,1,-4.975000,0
2024-11-25,sh.688480,28.4400,28.9700,28.2000,28.8500,28.4600,330396,9459452.6100,3,0.517500,1,1.370300,0
2024-11-26,sh.688480,28.6600,29.2900,28.6600,28.7800,28.8500,303519,8769569.2500,3,0.475400,1,-0.242600,0
2024-11-27,sh.688480,28.7800,29.1400,28.0400,29.1200,28.7800,415318,11913178.4000,3,0.650500,1,1.181400,0
2024-11-28,sh.688480,29.4500,31.2400,29.1400,30.6500,29.1200,1345602,41115415.7100,3,2.107600,1,5.254100,0
2024-11-29,sh.688480,30.3600,31.2500,30.2200,30.6800,30.6500,1009357,30975539.3800,3,1.580900,1,0.097900,0
2024-12-02,sh.688480,31.5900,31.5900,30.2400,30.5500,30.6800,800859,24406874.7200,3,1.254400,1,-0.423700,0
2024-12-03,sh.688480,30.5300,30.5300,29.6800,29.8000,30.5500,887578,26732267.7600,3,1.390200,1,-2.455000,0
2024-12-04,sh.688480,29.8000,29.9300,28.8200,28.9300,29.8000,579701,16999404.3100,3,0.908000,1,-2.919500,0
2024-12-05,sh.688480,29.0100,29.8200,28.9500,29.6000,28.9300,319156,9401492.8500,3,0.499900,1,2.315900,0
2024-12-06,sh.688480,29.3200,31.9700,29.2600,30.9000,29.6000,1424968,43907233.9100,3,2.231900,1,4.391900,0
2024-12-09,sh.688480,30.9000,30.9000,30.0200,30.2300,30.9000,434421,13172262.8100,3,0.680400,1,-2.168300,0
2024-12-10,sh.688480,31.3000,31.5900,29.5000,29.8900,30.2300,1500842,46133974.0400,3,2.350700,1,-1.124700,0
2024-12-11,sh.688480,29.8100,30.0400,29.5000,29.9500,29.8900,524378,15639681.3000,3,0.821300,1,0.200700,0
2024-12-12,sh.688480,29.9700,30.3200,29.6900,30.1800,29.9500,519001,15596548.2200,3,0.812900,1,0.767900,0
2024-12-13,sh.688480,30.2800,30.2800,29.4000,29.4600,30.1800,452760,13434597.3200,3,0.709100,1,-2.385700,0
2024-12-16,sh.688480,29.7100,29.7100,28.6000,28.8800,29.4600,514512,14921375.4800,3,0.805900,1,-1.968800,0
2024-12-17,sh.688480,28.9100,29.2100,28.0800,28.2000,28.8800,385798,10957736.7200,3,0.604300,1,-2.354600,0
2024-12-18,sh.688480,28.0800,28.6400,28.0000,28.2900,28.2000,344200,9761350.0100,3,0.539100,1,0.319100,0
2024-12-19,sh.688480,28.0100,28.4800,27.9900,28.2500,28.2900,238567,6723270.9600,3,0.373700,1,-0.141400,0
2024-12-20,sh.688480,28.3000,29.0600,28.0400,28.6100,28.2500,508572,14617783.0100,3,0.796600,1,1.274300,0
2024-12-23,sh.688480,28.7000,28.7000,27.8300,27.9900,28.6100,429369,12109070.9000,3,0.672500,1,-2.167100,0
2024-12-24,sh.688480,27.6600,28.4900,27.6600,28.3100,27.9900,326625,9166070.1000,3,0.511600,1,1.143300,0
2024-12-25,sh.688480,28.0400,28.3000,27.5600,27.6700,28.3100,417029,11599775.0000,3,0.653200,1,-2.260700,0
